{
  "AM Contra - Heart Peripheral": 4.792854548614161,
  "Al James - Schoolboy Facination": 4.016251217400392,
  "Angels In Amplifiers - I'm Alright": 4.975137546764684,
  "Arise - Run Run Run": 2.229190173425239,
  "BKS - Bulldozer": -8.063431300692853,
  "BKS - Too Much": 7.360966182883903,
  "Ben Carrigan - We'll Talk About It All Tonight": 0.9810333061034695,
  "Bobby Nobody - Stitch Up": 3.4677228630189343,
  "Buitraker - Revo X": -0.47761938070533555,
  "Carlos Gonzalez - A Place For Us": 2.6855296029056737,
  "Cristina Vane - So Easy": 4.447760829938768,
  "Detsky Sad - Walkie Talkie": 0.5545014513958345,
  "Enda Reilly - Cur An Long Ag Seol": 6.161532138790511,
  "Forkupines - Semantics": 1.1552530215022987,
  "Georgia Wonder - Siren": 0.280161035261735,
  "Girls Under Glass - We Feel Alright": 1.8683840833919207,
  "Hollow Ground - Ill Fate": 1.6127976929221355,
  "James Elder & Mark M Thompson - The English Actor": 4.580058414950356,
  "Juliet's Rescue - Heartbeats": 3.5985830357217874,
  "Little Chicago's Finest - My Own": 5.527104976813984,
  "Louis Cressy Band - Good Time": 1.3172697184344502,
  "Lyndsey Ollard - Catching Up": 11.289215017257039,
  "M.E.R.C. Music - Knockout": 4.3212730175405,
  "Moosmusic - Big Dummy Shake": 6.194990672328407,
  "Motor Tapes - Shore": 1.5164585718531642,
  "Mu - Too Bright": 1.8886120944682556,
  "Nerve 9 - Pray For The Rain": 2.099771617515796,
  "PR - Happy Daze": -20.91903532189868,
  "PR - Oh No": -10.355504498163041,
  "Punkdisco - Oral Hygiene": 3.746810709885151,
  "Raft Monk - Tiring": -1.4911763164994696,
  "Sambasevam Shanmugam - Kaathaadi": 7.488569937766137,
  "Secretariat - Borderline": 2.889203876777307,
  "Secretariat - Over The Top": 3.918636797705657,
  "Side Effects Project - Sing With Me": 9.017507441461014,
  "Signe Jakobsen - What Have You Done To Me": 6.792515446775711,
  "Skelpolu - Resurrection": -7.930276150595059,
  "Speak Softly - Broken Man": -2.787637583970908,
  "Speak Softly - Like Horses": 2.012782031301178,
  "The Doppler Shift - Atrophy": 1.005665623728231,
  "The Easton Ellises (Baumi) - SDRNR": 4.916492357677957,
  "The Easton Ellises - Falcon 69": -0.4699489168633365,
  "The Long Wait - Dark Horses": 3.789586888437184,
  "The Mountaineering Club - Mallory": 6.4509488756498925,
  "The Sunshine Garcia Band - For I Am The Moon": 7.603445347400973,
  "Timboz - Pony": -0.16543761300883597,
  "Tom McKenzie - Directions": 6.894889068192901,
  "Triviul feat. The Fiend - Widow": 5.296821291027579,
  "We Fell From The Sky - Not You": -1.0921486007581749,
  "Zeno - Signs": 2.6707573398229876,
  "mean_sdr": 2.193296603633152
}